Progress,Duration (in seconds),Finished,Q51,Q2.1,Q2.2,Q2.2_5_TEXT,Q2.3_1,Q4.5,Q4.6,Q4.7,Q4.8,Q5.5,Q5.6,Q5.7,Q5.8,Q6.2,Q7.4,Q7.1,Q7.2,Q7.3,Q53,Q7.6_1,Q7.6_2,Q7.6_3,Q7.6_4,Q7.6_5,Q7.6_6,Q7.6_7,Q8.1,Q8.2,Q8.3,Q8.4,Q8.5,Q8.5_3_TEXT,Q8.6,Q8.7,Q8.8,Country,State,City,Factor1,Factor2,CompletionCode,Finished,LocationLatitude,LocationLongitude,DistributionChannel,UserLanguage,Q51,Q2.1,Q2.2,Q2.2_5_TEXT,Q6.2,Q7.4,Q7.3,Q53,Q8.1,Q8.2,Q8.4,Q8.5,Q8.5_3_TEXT,Q8.7,Q8.8
,,,,,,,,,,,,,,,,,,,,,,,,,,,,,,,,,,,,,,,,,,,,,,,,,,,,,,,,,,,,,,,
Progress,Duration (in seconds),Finished,Do you Cook at home?,How many days in a week do you cook at home?,What type of food do you cook? - Selected Choice,What type of food do you cook? - Other: Please Specify - Text,How good of a cook would you rate yourself? (10 being very experienced) - Rate on a scale of 1-10,How curious are you to try this air fryer?,How delicious do you think the air fried food will be?,How healthy do you think the food that this air fryer makes will be?,How flavorful do you think the food this air fryer cooks will be?,What do you think is the price of this air fryer? (Enter in X.XX format),What is the most that you would be willing to pay for this air fryer? (Enter in X.XX format),Would you buy this brand? (Philips),"Would you prefer to buy a different brand? (Ninja, Saki, KitchenAid, etc.)",What was the brand of the air fryer shown in the ad?,Have you used an air fryer before?,How do you feel about air fryers in general?,How do you feel about air fried food in general?,How many days a week do you use an air fryer?,"Do you prefer Dwayne ""The Rock"" Johnson or Gordon Ramsey as a celebrity endorser for air fryers.","When you're deciding what you are cooking, how much do you care about each of the following factors? - healthiness","When you're deciding what you are cooking, how much do you care about each of the following factors? - price","When you're deciding what you are cooking, how much do you care about each of the following factors? - tastiness","When you're deciding what you are cooking, how much do you care about each of the following factors? - filling","When you're deciding what you are cooking, how much do you care about each of the following factors? - convenience","When you're deciding what you are cooking, how much do you care about each of the following factors? - environmental-friendliness","When you're deciding what you are cooking, how much do you care about each of the following factors? - meets my dietary restrictions",What is the highest level of school you have completed or the highest degree you have received?,Information about income is very important to understand.  Would you please give your best guess?Please indicate the answer that includes your entire household income in (previous year) before taxes.,How many people live in your household?,Do you have children?,What is your gender? - Selected Choice,What is your gender? - Specify - Text,What is your age?,Did you experience any technical issues when completing this survey?,Do you have any other general comments or feedback? We appreciate anything you have to say.,Country,State,City,Factor1,Factor2,CompletionCode,Finished,Location Latitude,Location Longitude,Distribution Channel,User Language,Do you Cook at home? categorical,How many days in a week do you cook at home? categorical,What type of food do you cook? - Selected Choice categorical,What type of food do you cook? - Other: Please Specify - Text ,What was the brand of the air fryer shown in the ad?,Have you used an air fryer before?,How many days a week do you use an air fryer?,"Do you prefer Dwayne ""The Rock"" Johnson or Gordon Ramsey as a celebrity endorser for air fryers.",What is the highest level of school you have completed or the highest degree you have received?,Information about income is very important to understand.  Would you please give your best guess?Please indicate the answer that includes your entire household income in (previous year) before taxes.,Do you have children?,What is your gender? - Selected Choice,What is your gender? - Specify - Text,Did you experience any technical issues when completing this survey?,Do you have any other general comments or feedback? We appreciate anything you have to say.
100,93,1,1,3,"1,3",,7,5,4,4,5,200,220,6,4,2,1,4,3,4,1,5,5,4,3,3,1,4,5,8,1,2,1,,24,2,,United States,VA,Fairfax,Logo=Philips,Celebrity=Dwayne,789774423,TRUE,38.81730652,-77.29049683,anonymous,EN,"Yes, I do.",3-4 days a week,"Italian,American",,Philips,Yes,2 days,I prefer Dwayne,Bachelor's degree in college (4-year),"$70,000 to $79,999",No,Male,,No,
100,137,1,1,4,"1,4,2,3",,3,6,4,3,5,200,120,6,4,2,2,5,5,,4,4,4,5,2,4,3,4,6,3,1,2,2,,50,2,,United States,CT,West Hartford,Logo=None,Celebrity=None,748533583,TRUE,41.75990295,-72.75740051,anonymous,EN,"Yes, I do.",5-6 days a week,"Italian,Mexican,Asian,American",,Philips,No,,I prefer Gordon,Master's degree,"$20,000 to $29,999",No,Female,,No,
100,106,1,1,4,"4,3",,4,3,4,5,4,69.99,39.99,6,6,2,1,4,4,5,4,5,5,5,4,3,1,4,5,5,1,2,2,,26,2,,United States,CA,Elk Grove,Logo=Philips,Celebrity=None,521590822,TRUE,38.42720032,-121.4420013,anonymous,EN,"Yes, I do.",5-6 days a week,"Mexican,American",,Philips,Yes,3 days,I prefer Gordon,Bachelor's degree in college (4-year),"$40,000 to $49,999",No,Female,,No,
100,116,1,1,3,"1,2,3",,5,4,6,5,6,150,200,5,4,2,1,6,6,4,1,4,3,5,3,5,2,5,6,7,1,2,1,,50,2,no,United States,OH,Marietta,Logo=Philips,Celebrity=None,567220361,TRUE,39.4250946,-81.46130371,anonymous,EN,"Yes, I do.",3-4 days a week,"Italian,Asian,American",,Philips,Yes,2 days,I prefer Dwayne,Master's degree,"$60,000 to $69,999",No,Male,,No,no
100,142,1,1,5,3,,9,7,7,5,7,125,100,7,4,2,1,6,6,4,4,5,4,5,1,5,1,1,4,9,2,1,2,,44,2,,United States,OH,Waynesville,Logo=None,Celebrity=None,936138183,TRUE,39.52639771,-84.08119965,anonymous,EN,"Yes, I do.",7 days a week,American,,Philips,Yes,2 days,I prefer Gordon,Associate degree in college (2-year),"$80,000 to $89,999",Yes,Female,,No,
100,151,1,1,3,"1,3",,4,6,5,6,5,50,45,5,6,2,1,5,4,3,1,4,3,5,5,4,4,3,5,3,1,2,1,,27,2,none,United States,MI,Lincoln Park,Logo=None,Celebrity=None,759593120,TRUE,42.23849487,-83.17829895,anonymous,EN,"Yes, I do.",3-4 days a week,"Italian,American",,Philips,Yes,0 days,I prefer Dwayne,Bachelor's degree in college (4-year),"$20,000 to $29,999",No,Male,,No,none
100,140,1,1,4,"1,4,3",,7,5,5,4,5,60,75,6,4,2,1,4,4,4,4,3,5,5,3,5,2,2,5,8,1,2,1,,30,2,,United States,CA,Downey,Logo=None,Celebrity=Dwayne,127726474,TRUE,33.92120361,-118.142395,anonymous,EN,"Yes, I do.",5-6 days a week,"Italian,Mexican,American",,Philips,Yes,2 days,I prefer Gordon,Bachelor's degree in college (4-year),"$70,000 to $79,999",No,Male,,No,
100,140,1,1,5,3,,8,5,5,5,4,500,400,5,4,2,1,4,4,5,4,2,2,2,3,2,3,2,5,3,4,1,2,,30,2,INTERESTING,United States,VA,Ashburn,Logo=Philips,Celebrity=Dwayne,667115006,TRUE,39.04690552,-77.49030304,anonymous,EN,"Yes, I do.",7 days a week,American,,Philips,Yes,3 days,I prefer Gordon,Bachelor's degree in college (4-year),"$20,000 to $29,999",Yes,Female,,No,INTERESTING
100,141,1,1,4,"1,4,2,3,5",Indian,8,7,7,6,7,125,200,7,4,2,2,6,6,,4,5,3,5,5,4,3,5,4,6,2,2,2,,32,2,,United States,TX,Missouri City,Logo=Philips,Celebrity=None,591551249,TRUE,29.57200623,-95.54000092,anonymous,EN,"Yes, I do.",5-6 days a week,"Italian,Mexican,Asian,American,Other: Please Specify",Indian,Philips,No,,I prefer Gordon,Associate degree in college (2-year),"$50,000 to $59,999",No,Female,,No,
100,163,1,1,4,"1,4,3",,8,4,5,4,5,99.99,19.99,4,3,2,1,3,4,9,1,3,5,5,5,5,2,3,4,4,5,1,2,,27,2,,United States,TX,Fort Worth,Logo=Philips,Celebrity=Dwayne,210650935,TRUE,32.65370178,-97.37419891,anonymous,EN,"Yes, I do.",5-6 days a week,"Italian,Mexican,American",,Philips,Yes,1 day,I prefer Dwayne,Associate degree in college (2-year),"$30,000 to $39,999",Yes,Female,,No,
100,154,1,1,5,3,,5,3,5,5,5,70,90,6,4,2,1,5,5,4,4,4,5,5,4,4,5,4,2,1,1,2,1,,43,2,Thanks!,United States,OH,Paulding,Logo=None,Celebrity=Dwayne,172539610,TRUE,41.14450073,-84.57640076,anonymous,EN,"Yes, I do.",7 days a week,American,,Philips,Yes,2 days,I prefer Gordon,High school graduate (high school diploma or equivalent including GED),"Less than $10,000",No,Male,,No,Thanks!
100,140,1,1,3,3,,4,7,6,6,6,150,100,6,4,2,2,5,4,,4,3,3,5,4,4,1,3,3,4,3,1,2,,49,2,,United States,IL,Washington,Logo=Philips,Celebrity=None,194574703,TRUE,40.70629883,-89.42030334,anonymous,EN,"Yes, I do.",3-4 days a week,American,,Philips,No,,I prefer Gordon,Some college but no degree,"$30,000 to $39,999",Yes,Female,,No,
100,138,1,1,2,"1,4,3",,8,7,7,7,7,60,60,7,1,4,1,6,6,9,1,3,5,5,5,5,1,3,2,4,4,1,2,,45,2,,United States,TN,Lobelville,Logo=None,Celebrity=Dwayne,109034879,TRUE,35.75059509,-87.82409668,anonymous,EN,"Yes, I do.",1-2 days a week,"Italian,Mexican,American",,There was no brand mentioned,Yes,1 day,I prefer Dwayne,High school graduate (high school diploma or equivalent including GED),"$30,000 to $39,999",Yes,Female,,No,
100,199,1,1,5,"1,4,3",,7,3,5,5,6,125,75,5,4,5,1,6,6,9,4,5,5,4,5,5,1,4,3,6,2,1,2,,39,2,,United States,KS,McPherson,Logo=None,Celebrity=None,100660815,TRUE,38.37460327,-97.67299652,anonymous,EN,"Yes, I do.",7 days a week,"Italian,Mexican,American",,I don't remember,Yes,1 day,I prefer Gordon,Some college but no degree,"$50,000 to $59,999",Yes,Female,,No,
100,181,1,1,2,"1,3",,5,5,6,4,5,7.5,3.25,4,5,2,1,4,5,4,4,4,3,5,4,3,4,5,5,6,2,2,1,,25,2,good,United States,NY,Great Neck,Logo=Philips,Celebrity=None,170240338,TRUE,40.80230713,-73.73290253,anonymous,EN,"Yes, I do.",1-2 days a week,"Italian,American",,Philips,Yes,2 days,I prefer Gordon,Bachelor's degree in college (4-year),"$50,000 to $59,999",No,Male,,No,good
100,175,1,1,3,3,,7,4,5,4,4,65,60,5,5,2,1,5,5,4,1,3,3,4,4,4,2,3,2,1,4,2,1,,28,2,,United States,GA,Atlanta,Logo=None,Celebrity=Dwayne,506052342,TRUE,33.69340515,-84.44799805,anonymous,EN,"Yes, I do.",3-4 days a week,American,,Philips,Yes,2 days,I prefer Dwayne,High school graduate (high school diploma or equivalent including GED),"Less than $10,000",No,Male,,No,
100,193,1,1,5,"1,4,2,3",,8,7,6,7,6,100,80,7,4,2,1,6,3,5,4,4,4,4,4,5,4,5,5,9,2,2,2,,32,2,,United States,MD,Germantown,Logo=None,Celebrity=None,247089231,TRUE,39.13609314,-77.28240204,anonymous,EN,"Yes, I do.",7 days a week,"Italian,Mexican,Asian,American",,Philips,Yes,3 days,I prefer Gordon,Bachelor's degree in college (4-year),"$80,000 to $89,999",No,Female,,No,
100,194,1,1,3,5,Simple meals,5,3,4,3,5,299.99,99.99,3,5,2,2,3,3,,4,2,5,4,4,4,2,2,3,2,1,2,1,,38,2,"Nothing that I can think of, except that Philips has never been that great of a brand.",United States,MI,Royal Oak,Logo=Philips,Celebrity=None,116653472,TRUE,42.51800537,-83.1576004,anonymous,EN,"Yes, I do.",3-4 days a week,Other: Please Specify,Simple meals,Philips,No,,I prefer Gordon,Some college but no degree,"$10,000 to $19,999",No,Male,,No,"Nothing that I can think of, except that Philips has never been that great of a brand."
100,195,1,1,3,4,,4,4,4,4,4,120,120,4,4,2,2,3,3,,1,5,3,3,4,4,2,2,5,6,4,1,1,,42,2,NONE,United States,VA,Ashburn,Logo=Philips,Celebrity=Dwayne,960198182,TRUE,39.01800537,-77.53900146,anonymous,EN,"Yes, I do.",3-4 days a week,Mexican,,Philips,No,,I prefer Dwayne,Bachelor's degree in college (4-year),"$50,000 to $59,999",Yes,Male,,No,NONE
100,159,1,1,4,"1,4,2,3",,7,6,7,5,6,120,90,6,4,2,1,6,6,5,1,5,4,4,5,5,2,4,4,11,5,1,2,,41,2,,United States,FL,West Palm Beach,Logo=None,Celebrity=None,953009659,TRUE,26.66419983,-80.17320251,anonymous,EN,"Yes, I do.",5-6 days a week,"Italian,Mexican,Asian,American",,Philips,Yes,3 days,I prefer Dwayne,Associate degree in college (2-year),"$100,000 to $149,999",Yes,Female,,No,
100,164,1,1,4,3,,8,3,4,5,4,200,150,4,7,2,2,4,4,,4,4,5,5,4,3,3,2,4,10,2,2,2,,30,2,Thank you!,United States,CT,Stamford,Logo=None,Celebrity=Dwayne,100174923,TRUE,41.06410217,-73.54799652,anonymous,EN,"Yes, I do.",5-6 days a week,American,,Philips,No,,I prefer Gordon,Associate degree in college (2-year),"$90,000 to $99,999",No,Female,,No,Thank you!
100,175,1,1,2,3,,3,2,5,3,6,79.95,50,7,2,2,2,4,5,,4,4,5,5,4,5,1,4,2,2,3,2,1,,44,2,,United States,ID,Nampa,Logo=Philips,Celebrity=Dwayne,403269010,TRUE,43.5440979,-116.5662003,anonymous,EN,"Yes, I do.",1-2 days a week,American,,Philips,No,,I prefer Gordon,High school graduate (high school diploma or equivalent including GED),"$10,000 to $19,999",No,Male,,No,
100,216,1,1,4,"4,2,3",,10,7,7,7,7,160,120,7,7,2,1,6,6,6,4,3,5,5,3,5,1,3,5,6,1,1,1,,29,2,,United States,FL,Hollywood,Logo=None,Celebrity=Dwayne,666548524,TRUE,26.01620483,-80.19550323,anonymous,EN,"Yes, I do.",5-6 days a week,"Mexican,Asian,American",,Philips,Yes,4 or more days,I prefer Gordon,Bachelor's degree in college (4-year),"$50,000 to $59,999",Yes,Male,,No,
100,229,1,1,4,3,,10,7,4,6,5,275,300,4,4,5,1,5,5,4,1,5,5,5,2,5,5,5,5,10,4,1,2,,30,2,,United States,NY,New York,Logo=None,Celebrity=None,542051990,TRUE,40.71569824,-74,anonymous,EN,"Yes, I do.",5-6 days a week,American,,I don't remember,Yes,2 days,I prefer Dwayne,Bachelor's degree in college (4-year),"$90,000 to $99,999",Yes,Female,,No,
100,233,1,1,3,"1,4,2,3",,10,7,7,7,7,129,89,7,1,2,2,6,6,,1,5,5,5,5,5,4,3,3,2,2,1,2,,67,2,,United States,OH,Amherst,Logo=None,Celebrity=Dwayne,441986071,TRUE,41.36169434,-82.25379944,anonymous,EN,"Yes, I do.",3-4 days a week,"Italian,Mexican,Asian,American",,Philips,No,,I prefer Dwayne,Some college but no degree,"$10,000 to $19,999",Yes,Female,,No,
100,206,1,1,2,"4,3",,6,6,7,6,5,500,400,7,6,2,2,5,5,,4,5,4,4,3,4,5,4,5,9,4,1,1,,29,2,none,United States,NJ,Pennsauken,Logo=None,Celebrity=None,783003690,TRUE,39.9703064,-75.06169891,anonymous,EN,"Yes, I do.",1-2 days a week,"Mexican,American",,Philips,No,,I prefer Gordon,Bachelor's degree in college (4-year),"$80,000 to $89,999",Yes,Male,,No,none
100,194,1,1,2,,,7,5,5,5,5,250,200,5,5,2,2,4,4,,1,4,5,4,5,4,4,5,5,7,4,1,1,,32,2,,United States,IL,Chicago,Logo=Philips,Celebrity=Dwayne,269333824,TRUE,41.8874054,-87.63179779,anonymous,EN,"Yes, I do.",1-2 days a week,,,Philips,No,,I prefer Dwayne,Bachelor's degree in college (4-year),"$60,000 to $69,999",Yes,Male,,No,
100,228,1,1,4,3,,7,5,5,4,6,100,120,7,6,2,1,5,5,4,1,5,4,5,3,4,4,5,5,6,4,1,1,,44,2,Thank You,United States,CA,Los Angeles,Logo=None,Celebrity=None,413374786,TRUE,34.05439758,-118.2440033,anonymous,EN,"Yes, I do.",5-6 days a week,American,,Philips,Yes,2 days,I prefer Dwayne,Bachelor's degree in college (4-year),"$50,000 to $59,999",Yes,Male,,No,Thank You
100,293,1,1,4,"1,4,2,3",,8,5,6,6,6,179.99,150,5,7,2,1,6,6,5,4,5,4,5,3,4,1,4,4,6,4,1,2,,40,2,n/a,United States,CT,Deep River,Logo=None,Celebrity=Dwayne,103181210,TRUE,41.37640381,-72.45400238,anonymous,EN,"Yes, I do.",5-6 days a week,"Italian,Mexican,Asian,American",,Philips,Yes,3 days,I prefer Gordon,Associate degree in college (2-year),"$50,000 to $59,999",Yes,Female,,No,n/a
100,264,1,1,5,"1,4,2,3",,9,6,6,6,6,120,170,6,1,2,1,5,5,3,1,4,2,5,5,3,4,2,3,2,3,1,2,,44,2,,United States,MT,Kalispell,Logo=Philips,Celebrity=Dwayne,160684937,TRUE,48.1999054,-114.3033981,anonymous,EN,"Yes, I do.",7 days a week,"Italian,Mexican,Asian,American",,Philips,Yes,0 days,I prefer Dwayne,Some college but no degree,"$10,000 to $19,999",Yes,Female,,No,
100,307,1,1,3,3,,9,6,7,7,6,200,50,7,1,2,1,6,6,4,1,5,5,5,5,5,5,5,6,6,2,1,1,,31,2,no comment,United States,GA,Atlanta,Logo=Philips,Celebrity=Dwayne,103611144,TRUE,33.77220154,-84.39279938,anonymous,EN,"Yes, I do.",3-4 days a week,American,,Philips,Yes,2 days,I prefer Dwayne,Master's degree,"$50,000 to $59,999",Yes,Male,,No,no comment
100,286,1,1,3,"1,3",,8,5,6,5,5,50,30,6,5,2,1,5,4,4,1,4,4,3,4,3,4,4,6,7,5,1,1,,61,2,,United States,,,Logo=Philips,Celebrity=None,122820599,TRUE,37.75100708,-97.8219986,anonymous,EN,"Yes, I do.",3-4 days a week,"Italian,American",,Philips,Yes,2 days,I prefer Dwayne,Master's degree,"$60,000 to $69,999",Yes,Male,,No,
100,147,1,1,3,3,,7,6,7,7,6,150,100,7,7,2,1,4,4,4,1,4,4,4,4,4,4,4,5,5,3,1,1,,38,2,Good,United States,VA,Ashburn,Logo=Philips,Celebrity=None,480680635,TRUE,39.04690552,-77.49030304,anonymous,EN,"Yes, I do.",3-4 days a week,American,,Philips,Yes,2 days,I prefer Dwayne,Bachelor's degree in college (4-year),"$40,000 to $49,999",Yes,Male,,No,Good
100,319,1,1,5,3,,10,7,6,6,5,9.9,8.7,7,6,2,1,6,6,6,4,4,5,5,4,4,3,4,5,6,4,2,1,,25,2,Interesting survey,United States,NJ,Edison,Logo=Philips,Celebrity=None,394146754,TRUE,40.51750183,-74.39910126,anonymous,EN,"Yes, I do.",7 days a week,American,,Philips,Yes,4 or more days,I prefer Gordon,Bachelor's degree in college (4-year),"$50,000 to $59,999",No,Male,,No,Interesting survey
100,165,1,1,3,3,,8,6,5,7,6,150,120,7,6,2,1,5,4,6,1,4,5,4,4,5,4,4,5,10,4,2,1,,32,2,Good work.,United States,VA,Arlington,Logo=Philips,Celebrity=None,475369847,TRUE,38.88650513,-77.0911026,anonymous,EN,"Yes, I do.",3-4 days a week,American,,Philips,Yes,4 or more days,I prefer Dwayne,Bachelor's degree in college (4-year),"$90,000 to $99,999",No,Male,,No,Good work.
100,367,1,1,5,3,,9,6,7,5,7,400,350,7,5,2,1,5,6,6,1,4,5,5,4,5,5,4,5,6,4,1,2,,37,2,,United States,TX,Dallas,Logo=Philips,Celebrity=None,455364707,TRUE,32.77670288,-96.80500031,anonymous,EN,"Yes, I do.",7 days a week,American,,Philips,Yes,4 or more days,I prefer Dwayne,Bachelor's degree in college (4-year),"$50,000 to $59,999",Yes,Female,,No,
100,158,1,1,2,3,,7,7,6,6,7,50,50,7,6,2,1,6,5,9,1,5,4,5,4,5,4,5,5,5,4,1,1,,45,2,"I'm really happy with your determination to finish this 

project.",United States,WI,Waukesha,Logo=Philips,Celebrity=Dwayne,991038150,TRUE,43.01400757,-88.27829742,anonymous,EN,"Yes, I do.",1-2 days a week,American,,Philips,Yes,1 day,I prefer Dwayne,Bachelor's degree in college (4-year),"$40,000 to $49,999",Yes,Male,,No,"I'm really happy with your determination to finish this 

project."
100,348,1,1,4,"1,2,3",,9,6,5,6,5,90,120,7,3,2,2,5,4,,4,4,2,5,4,3,3,3,5,11,3,1,2,,51,2,I have enjoyed doing this interesting survey. ,United States,CA,Los Angeles,Logo=None,Celebrity=None,759029861,TRUE,34.0493927,-118.266098,anonymous,EN,"Yes, I do.",5-6 days a week,"Italian,Asian,American",,Philips,No,,I prefer Gordon,Bachelor's degree in college (4-year),"$100,000 to $149,999",Yes,Female,,No,I have enjoyed doing this interesting survey. 
100,338,1,1,3,3,,10,7,7,7,7,1500,2000,7,1,5,1,6,6,4,1,5,5,5,5,5,5,5,6,12,4,2,2,,30,2,"Thanks, I need more works from you ",United States,TX,Houston,Logo=Philips,Celebrity=Dwayne,601905669,TRUE,29.76460266,-95.36569977,anonymous,EN,"Yes, I do.",3-4 days a week,American,,I don't remember,Yes,2 days,I prefer Dwayne,Master's degree,"$150,000 or more",No,Female,,No,"Thanks, I need more works from you "
100,356,1,1,3,3,,8,5,6,6,5,80,120,6,3,2,1,5,5,4,4,5,4,4,2,4,4,4,5,11,3,1,2,,33,2,,United States,NY,New York,Logo=None,Celebrity=None,225983510,TRUE,40.74249268,-73.98770142,anonymous,EN,"Yes, I do.",3-4 days a week,American,,Philips,Yes,2 days,I prefer Gordon,Bachelor's degree in college (4-year),"$100,000 to $149,999",Yes,Female,,No,
100,358,1,1,4,"1,4,3",,8,7,7,6,7,100,120,7,4,2,1,6,6,3,4,5,4,5,5,4,4,1,3,6,2,1,1,,84,2,No ,United States,NJ,Toms River,Logo=None,Celebrity=None,474091656,TRUE,39.97270203,-74.24739838,anonymous,EN,"Yes, I do.",5-6 days a week,"Italian,Mexican,American",,Philips,Yes,0 days,I prefer Gordon,Some college but no degree,"$50,000 to $59,999",Yes,Male,,No,No 
100,281,1,1,4,3,,8,5,7,6,5,5000,1000,7,6,5,2,5,6,,1,4,3,5,4,5,4,5,5,5,3,1,2,,30,2,no comments,United States,TX,Channelview,Logo=None,Celebrity=Dwayne,823645539,TRUE,29.79260254,-95.12359619,anonymous,EN,"Yes, I do.",5-6 days a week,American,,I don't remember,No,,I prefer Dwayne,Bachelor's degree in college (4-year),"$40,000 to $49,999",Yes,Female,,No,no comments
100,282,1,1,2,4,,7,5,6,5,5,120,100,5,6,2,1,4,5,4,1,3,4,4,3,4,5,4,4,10,3,1,1,,39,2,No,United States,IA,Des Moines,Logo=None,Celebrity=None,911688398,TRUE,41.66960144,-93.57160187,anonymous,EN,"Yes, I do.",1-2 days a week,Mexican,,Philips,Yes,2 days,I prefer Dwayne,Associate degree in college (2-year),"$90,000 to $99,999",Yes,Male,,No,No
100,323,1,1,3,"4,3",,9,6,7,7,6,300,200,6,7,2,1,5,6,4,1,4,5,3,4,5,4,5,6,10,8,1,1,,53,2,Good,United States,NJ,Pennsauken,Logo=Philips,Celebrity=Dwayne,919508894,TRUE,39.9703064,-75.06169891,anonymous,EN,"Yes, I do.",3-4 days a week,"Mexican,American",,Philips,Yes,2 days,I prefer Dwayne,Master's degree,"$90,000 to $99,999",Yes,Male,,No,Good
100,402,1,1,2,3,,7,6,7,7,6,120,140,6,5,2,1,4,5,5,4,3,5,4,3,4,5,4,5,5,4,1,1,,48,2,good,United States,CA,Pittsburg,Logo=None,Celebrity=Dwayne,429334944,TRUE,37.99850464,-121.8878021,anonymous,EN,"Yes, I do.",1-2 days a week,American,,Philips,Yes,3 days,I prefer Gordon,Bachelor's degree in college (4-year),"$40,000 to $49,999",Yes,Male,,No,good
100,318,1,1,2,3,,7,6,5,6,7,70,60,5,6,2,1,5,6,5,4,5,4,5,3,5,4,5,5,4,,1,2,,52,2,GOOD,United States,,,Logo=None,Celebrity=None,635354253,TRUE,37.75100708,-97.8219986,anonymous,EN,"Yes, I do.",1-2 days a week,American,,Philips,Yes,3 days,I prefer Gordon,Bachelor's degree in college (4-year),"$30,000 to $39,999",Yes,Female,,No,GOOD
100,304,1,1,5,3,,8,5,6,5,5,10,8,6,6,2,1,5,6,6,1,5,5,5,5,5,5,5,6,6,4,1,2,,33,2,good,United States,CA,Los Angeles,Logo=None,Celebrity=None,262872863,TRUE,34.05439758,-118.2440033,anonymous,EN,"Yes, I do.",7 days a week,American,,Philips,Yes,4 or more days,I prefer Dwayne,Master's degree,"$50,000 to $59,999",Yes,Female,,No,good
100,366,1,1,4,3,,8,7,6,6,5,12000,10000,7,6,2,1,6,5,5,1,5,4,5,4,5,4,5,5,6,4,1,2,,33,2,No comments,United States,FL,Orlando,Logo=None,Celebrity=Dwayne,930328775,TRUE,28.39610291,-81.4681015,anonymous,EN,"Yes, I do.",5-6 days a week,American,,Philips,Yes,3 days,I prefer Dwayne,Bachelor's degree in college (4-year),"$50,000 to $59,999",Yes,Female,,No,No comments
100,316,1,1,3,3,,6,6,4,6,5,100,80,5,4,2,1,5,4,4,4,4,2,4,5,3,4,3,5,6,4,1,1,,32,2,This is a good survey.,United States,,,Logo=None,Celebrity=None,355415939,TRUE,37.75100708,-97.8219986,anonymous,EN,"Yes, I do.",3-4 days a week,American,,Philips,Yes,2 days,I prefer Gordon,Bachelor's degree in college (4-year),"$50,000 to $59,999",Yes,Male,,No,This is a good survey.
100,106,1,1,3,"4,3",,9,7,6,5,7,400,300,6,6,2,1,5,6,4,1,4,4,5,4,4,5,4,6,9,8,1,1,,54,2,Good,United States,NJ,Edison,Logo=Philips,Celebrity=Dwayne,975215321,TRUE,40.51750183,-74.39910126,anonymous,EN,"Yes, I do.",3-4 days a week,"Mexican,American",,Philips,Yes,2 days,I prefer Dwayne,Master's degree,"$80,000 to $89,999",Yes,Male,,No,Good
100,529,1,1,4,"1,4,3",,7,7,7,5,6,60,100,7,2,2,1,6,6,5,1,2,5,4,3,5,2,2,2,4,4,1,2,,34,2,"none, tysm!",United States,TX,Deer Park,Logo=Philips,Celebrity=None,189727161,TRUE,29.68559265,-95.11859894,anonymous,EN,"Yes, I do.",5-6 days a week,"Italian,Mexican,American",,Philips,Yes,3 days,I prefer Dwayne,High school graduate (high school diploma or equivalent including GED),"$30,000 to $39,999",Yes,Female,,No,"none, tysm!"
100,331,1,1,4,3,,8,7,6,7,6,12000,10000,7,6,2,1,6,5,5,1,5,4,5,4,5,4,5,5,6,1,1,1,,27,2,No comments,United States,FL,Lake Worth,Logo=None,Celebrity=Dwayne,998548340,TRUE,26.61129761,-80.17430115,anonymous,EN,"Yes, I do.",5-6 days a week,American,,Philips,Yes,3 days,I prefer Dwayne,Bachelor's degree in college (4-year),"$50,000 to $59,999",Yes,Male,,No,No comments
100,187,1,1,4,3,,8,6,5,5,5,120,110,6,7,2,1,5,5,5,4,4,3,5,3,4,4,5,5,6,4,1,2,,36,2,Thank You,United States,VA,Ashburn,Logo=Philips,Celebrity=None,262777093,TRUE,39.04690552,-77.49030304,anonymous,EN,"Yes, I do.",5-6 days a week,American,,Philips,Yes,3 days,I prefer Gordon,Bachelor's degree in college (4-year),"$50,000 to $59,999",Yes,Female,,No,Thank You
100,229,1,1,3,3,,6,4,4,4,4,20,10,4,4,2,1,4,4,9,1,3,3,3,3,4,3,3,5,6,3,2,1,,25,2,,United States,NJ,Edison,Logo=Philips,Celebrity=None,831276654,TRUE,40.51750183,-74.39910126,anonymous,EN,"Yes, I do.",3-4 days a week,American,,Philips,Yes,1 day,I prefer Dwayne,Bachelor's degree in college (4-year),"$50,000 to $59,999",No,Male,,No,
100,273,1,1,2,3,,7,6,5,4,5,300,200,6,4,2,1,4,3,4,1,4,3,2,4,5,3,4,5,8,3,2,1,,24,2,The survey was good.,United States,NY,Great Neck,Logo=None,Celebrity=Dwayne,551196366,TRUE,40.80230713,-73.73290253,anonymous,EN,"Yes, I do.",1-2 days a week,American,,Philips,Yes,2 days,I prefer Dwayne,Bachelor's degree in college (4-year),"$70,000 to $79,999",No,Male,,No,The survey was good.
100,656,1,1,3,2,,8,6,6,7,6,99.99,99.99,7,4,2,1,6,5,5,1,5,3,5,4,4,3,4,5,5,2,2,1,,41,2,,United States,CA,San Diego,Logo=Philips,Celebrity=Dwayne,854520137,TRUE,32.7203064,-117.1551971,anonymous,EN,"Yes, I do.",3-4 days a week,Asian,,Philips,Yes,3 days,I prefer Dwayne,Bachelor's degree in college (4-year),"$40,000 to $49,999",No,Male,,No,
100,192,1,1,4,"4,3",,8,7,7,7,7,89.99,125,5,7,2,1,6,6,9,1,5,5,5,5,5,5,5,2,4,2,2,2,,37,2,,United States,MI,Detroit,Logo=Philips,Celebrity=None,421927368,TRUE,42.42570496,-83.15219879,anonymous,EN,"Yes, I do.",5-6 days a week,"Mexican,American",,Philips,Yes,1 day,I prefer Dwayne,High school graduate (high school diploma or equivalent including GED),"$30,000 to $39,999",No,Female,,No,
100,558,1,1,2,"1,3",,6,5,4,5,5,5,5,5,4,1,2,5,3,,1,2,2,3,4,4,3,3,5,4,3,1,1,,41,2,no,United States,VA,Ashburn,Logo=Philips,Celebrity=None,174564231,TRUE,39.01800537,-77.53900146,anonymous,EN,"Yes, I do.",1-2 days a week,"Italian,American",,Ninja,No,,I prefer Dwayne,Bachelor's degree in college (4-year),"$30,000 to $39,999",Yes,Male,,No,no
100,104,1,1,4,"1,4,2,3",,7,4,6,4,6,140,90,5,6,2,1,4,5,4,4,4,3,5,4,4,3,4,5,6,1,2,1,,34,2,,United States,FL,Fort Lauderdale,Logo=None,Celebrity=None,126375547,TRUE,26.07029724,-80.22480011,anonymous,EN,"Yes, I do.",5-6 days a week,"Italian,Mexican,Asian,American",,Philips,Yes,2 days,I prefer Gordon,Bachelor's degree in college (4-year),"$50,000 to $59,999",No,Male,,No,
100,726,1,1,5,3,,10,7,7,7,7,100,100,7,1,2,1,6,6,6,1,5,5,5,5,5,5,5,6,5,3,1,2,,59,2,none it is okey,United States,VA,Reston,Logo=None,Celebrity=Dwayne,999705876,TRUE,38.96090698,-77.34290314,anonymous,EN,"Yes, I do.",7 days a week,American,,Philips,Yes,4 or more days,I prefer Dwayne,Master's degree,"$40,000 to $49,999",Yes,Female,,No,none it is okey
100,390,1,1,4,"1,4",,7,5,5,4,5,200,300,6,4,2,2,5,4,,4,4,4,4,3,3,3,3,5,5,2,2,1,,38,2,,United States,NY,Elmira,Logo=None,Celebrity=None,868399713,TRUE,42.07330322,-76.79879761,anonymous,EN,"Yes, I do.",5-6 days a week,"Italian,Mexican",,Philips,No,,I prefer Gordon,Bachelor's degree in college (4-year),"$40,000 to $49,999",No,Male,,No,
100,142,1,1,5,3,,6,6,7,5,6,30.5,25,6,4,2,2,5,4,,1,5,5,4,4,5,5,4,6,9,3,1,2,,23,2,No.,United States,NY,New York,Logo=None,Celebrity=Dwayne,339622955,TRUE,40.75970459,-73.98100281,anonymous,EN,"Yes, I do.",7 days a week,American,,Philips,No,,I prefer Dwayne,Master's degree,"$80,000 to $89,999",Yes,Female,,No,No.
100,213,1,1,2,3,,8,7,7,6,7,200,200,7,2,2,1,6,6,4,1,4,5,5,5,4,4,5,5,6,3,1,1,,39,2,GOOD WORK,United States,WV,Ona,Logo=None,Celebrity=Dwayne,133994805,TRUE,38.45440674,-82.21849823,anonymous,EN,"Yes, I do.",1-2 days a week,American,,Philips,Yes,2 days,I prefer Dwayne,Bachelor's degree in college (4-year),"$50,000 to $59,999",Yes,Male,,No,GOOD WORK
100,546,1,1,3,3,,7,6,5,6,7,70,60,6,7,2,1,5,6,4,4,4,5,4,5,4,5,4,5,4,2,1,1,,42,2,GOOD,United States,TX,Dallas,Logo=None,Celebrity=Dwayne,423055169,TRUE,32.77670288,-96.80500031,anonymous,EN,"Yes, I do.",3-4 days a week,American,,Philips,Yes,2 days,I prefer Gordon,Bachelor's degree in college (4-year),"$30,000 to $39,999",Yes,Male,,No,GOOD
100,292,1,1,2,3,,6,5,6,6,5,200,200,7,6,2,1,4,3,9,1,3,2,4,2,3,4,2,5,8,5,1,1,,41,2,,United States,,,Logo=None,Celebrity=Dwayne,274521627,TRUE,37.75100708,-97.8219986,anonymous,EN,"Yes, I do.",1-2 days a week,American,,Philips,Yes,1 day,I prefer Dwayne,Bachelor's degree in college (4-year),"$70,000 to $79,999",Yes,Male,,No,
100,160,1,1,4,3,,9,5,4,3,5,300,150,6,5,2,2,5,3,,1,4,3,2,4,3,5,4,5,8,3,2,2,,24,2,The survey was good.,United States,NY,Great Neck,Logo=Philips,Celebrity=Dwayne,856982975,TRUE,40.80230713,-73.73290253,anonymous,EN,"Yes, I do.",5-6 days a week,American,,Philips,No,,I prefer Dwayne,Bachelor's degree in college (4-year),"$70,000 to $79,999",No,Female,,No,The survey was good.
100,151,1,1,2,3,,7,5,5,5,6,5,6,4,5,3,1,4,4,5,1,3,4,5,4,4,5,4,6,8,5,1,1,,40,2,good,United States,CA,Santa Clara,Logo=None,Celebrity=Dwayne,486519894,TRUE,37.39309692,-121.9620056,anonymous,EN,"Yes, I do.",1-2 days a week,American,,KitchenAid,Yes,3 days,I prefer Dwayne,Master's degree,"$70,000 to $79,999",Yes,Male,,No,good
100,145,1,1,4,"4,3",,6,3,5,4,5,70,50,4,6,2,1,3,4,9,1,4,5,4,4,4,3,1,4,5,1,2,1,,29,2,,United States,FL,Melbourne,Logo=None,Celebrity=Dwayne,954054281,TRUE,28.06080627,-80.67220306,anonymous,EN,"Yes, I do.",5-6 days a week,"Mexican,American",,Philips,Yes,1 day,I prefer Dwayne,Associate degree in college (2-year),"$40,000 to $49,999",No,Male,,No,
100,161,1,1,5,3,,8,5,4,4,4,7.99,7,4,5,5,1,4,3,4,1,4,3,2,2,4,3,3,2,4,3,2,2,,25,2,,United States,NY,Syracuse,Logo=None,Celebrity=Dwayne,706448284,TRUE,43.04829407,-76.14679718,anonymous,EN,"Yes, I do.",7 days a week,American,,I don't remember,Yes,2 days,I prefer Dwayne,High school graduate (high school diploma or equivalent including GED),"$30,000 to $39,999",No,Female,,No,
100,327,1,1,2,"4,3",,8,6,6,6,6,100,75,7,3,2,2,6,6,,1,5,4,5,5,2,4,4,5,3,2,2,2,,50,2,,United States,KY,Ashland,Logo=Philips,Celebrity=None,620148623,TRUE,38.47360229,-82.64129639,anonymous,EN,"Yes, I do.",1-2 days a week,"Mexican,American",,Philips,No,,I prefer Dwayne,Bachelor's degree in college (4-year),"$20,000 to $29,999",No,Female,,No,
100,488,1,1,3,3,,7,6,7,6,7,125,120,7,7,2,1,4,4,4,4,5,5,4,5,4,4,5,5,9,5,1,1,,43,2,interesting.,United States,VA,Arlington,Logo=Philips,Celebrity=None,581336040,TRUE,38.88650513,-77.0911026,anonymous,EN,"Yes, I do.",3-4 days a week,American,,Philips,Yes,2 days,I prefer Gordon,Bachelor's degree in college (4-year),"$80,000 to $89,999",Yes,Male,,No,interesting.
100,249,1,1,3,3,,7,6,7,5,7,45,55,7,5,2,1,5,6,9,4,3,5,5,4,5,4,2,3,3,2,2,1,,34,2,I enjoyed this study and had no issues.  Thank you.,United States,MI,New Baltimore,Logo=Philips,Celebrity=None,494845426,TRUE,42.67340088,-82.77359772,anonymous,EN,"Yes, I do.",3-4 days a week,American,,Philips,Yes,1 day,I prefer Gordon,Some college but no degree,"$20,000 to $29,999",No,Male,,No,I enjoyed this study and had no issues.  Thank you.
100,263,1,1,3,3,,9,6,6,6,6,50,30,7,4,2,1,6,6,5,1,4,4,4,4,4,3,3,6,6,4,1,2,,39,2,good,United States,VA,Ashburn,Logo=Philips,Celebrity=None,714800130,TRUE,39.04690552,-77.49030304,anonymous,EN,"Yes, I do.",3-4 days a week,American,,Philips,Yes,3 days,I prefer Dwayne,Master's degree,"$50,000 to $59,999",Yes,Female,,No,good
100,263,1,1,2,3,,8,6,6,6,5,150,140,6,1,2,2,5,5,,1,3,4,3,5,4,3,4,5,5,4,1,2,,42,2,Very good survey.,United States,VA,Ashburn,Logo=None,Celebrity=Dwayne,868290248,TRUE,39.01800537,-77.53900146,anonymous,EN,"Yes, I do.",1-2 days a week,American,,Philips,No,,I prefer Dwayne,Bachelor's degree in college (4-year),"$40,000 to $49,999",Yes,Female,,No,Very good survey.
100,256,1,1,2,3,,7,2,5,4,4,39.99,59.99,7,5,2,1,4,4,9,1,4,3,5,4,4,1,5,3,7,3,2,2,,40,2,,United States,CT,Enfield,Logo=None,Celebrity=Dwayne,558332237,TRUE,41.99159241,-72.55999756,anonymous,EN,"Yes, I do.",1-2 days a week,American,,Philips,Yes,1 day,I prefer Dwayne,Some college but no degree,"$60,000 to $69,999",No,Female,,No,
100,200,1,1,4,"1,4,3",,7,1,1,3,4,120,10,1,7,2,1,6,6,6,4,5,4,5,5,5,1,4,5,12,4,1,1,,58,2,I will not buy products based on a celebrity endorser and I would definately not buy one The Rock endorses. He should have kept his politcal opinions to himself.,United States,AZ,Paradise Valley,Logo=None,Celebrity=Dwayne,433420681,TRUE,33.54899597,-111.9567032,anonymous,EN,"Yes, I do.",5-6 days a week,"Italian,Mexican,American",,Philips,Yes,4 or more days,I prefer Gordon,Bachelor's degree in college (4-year),"$150,000 or more",Yes,Male,,No,I will not buy products based on a celebrity endorser and I would definately not buy one The Rock endorses. He should have kept his politcal opinions to himself.
100,159,1,1,4,"1,4,2,3",,5,2,4,3,4,80,50,5,4,2,1,5,5,6,,4,3,4,5,3,3,3,3,4,2,2,2,,31,2,,United States,CA,Sacramento,Logo=None,Celebrity=Dwayne,504407104,TRUE,38.46890259,-121.3440018,anonymous,EN,"Yes, I do.",5-6 days a week,"Italian,Mexican,Asian,American",,Philips,Yes,4 or more days,,Some college but no degree,"$30,000 to $39,999",No,Female,,No,
100,1378,1,1,2,3,,6,6,6,6,6,90,90,6,6,2,2,5,5,,1,5,4,5,5,5,5,5,5,5,3,1,1,,40,2,Its good,United States,VA,Ashburn,Logo=Philips,Celebrity=Dwayne,707374225,TRUE,39.01800537,-77.53900146,anonymous,EN,"Yes, I do.",1-2 days a week,American,,Philips,No,,I prefer Dwayne,Bachelor's degree in college (4-year),"$40,000 to $49,999",Yes,Male,,No,Its good
100,159,1,1,3,3,,6,6,7,7,6,110,100,7,7,2,2,5,6,,1,5,4,4,5,5,5,5,5,8,5,1,1,,48,2,nice,United States,VA,Arlington,Logo=Philips,Celebrity=None,454593248,TRUE,38.88650513,-77.0911026,anonymous,EN,"Yes, I do.",3-4 days a week,American,,Philips,No,,I prefer Dwayne,Bachelor's degree in college (4-year),"$70,000 to $79,999",Yes,Male,,No,nice
100,769,1,1,4,3,,8,6,7,7,7,100,100,5,4,2,1,6,6,5,4,3,4,4,2,3,4,3,5,5,4,2,1,,30,2,,United States,FL,Hialeah,Logo=Philips,Celebrity=None,506030540,TRUE,25.82749939,-80.2723999,anonymous,EN,"Yes, I do.",5-6 days a week,American,,Philips,Yes,3 days,I prefer Gordon,Bachelor's degree in college (4-year),"$40,000 to $49,999",No,Male,,No,
100,467,1,1,5,3,,9,7,7,7,7,300,350,7,7,2,1,6,6,9,1,4,4,5,4,5,5,5,5,11,4,1,1,,37,2,Thank you for the opportunity to participate in this study,United States,NJ,Clifton,Logo=None,Celebrity=None,334579798,TRUE,40.83639526,-74.14029694,anonymous,EN,"Yes, I do.",7 days a week,American,,Philips,Yes,1 day,I prefer Dwayne,Bachelor's degree in college (4-year),"$100,000 to $149,999",Yes,Male,,No,Thank you for the opportunity to participate in this study
100,168,1,1,2,3,,8,6,7,6,7,35,30,6,7,2,1,5,6,6,1,4,5,4,5,4,5,5,5,4,4,1,1,,46,2,GOOD,United States,MS,Clinton,Logo=None,Celebrity=Dwayne,511248448,TRUE,32.34039307,-90.32730103,anonymous,EN,"Yes, I do.",1-2 days a week,American,,Philips,Yes,4 or more days,I prefer Dwayne,Bachelor's degree in college (4-year),"$30,000 to $39,999",Yes,Male,,No,GOOD
100,129,1,1,2,3,,7,6,6,6,6,80,80,6,4,2,2,5,5,,1,5,4,5,5,5,5,5,5,5,3,1,1,,31,2,Its Good,United States,VA,Ashburn,Logo=None,Celebrity=Dwayne,676310655,TRUE,39.04690552,-77.49030304,anonymous,EN,"Yes, I do.",1-2 days a week,American,,Philips,No,,I prefer Dwayne,Bachelor's degree in college (4-year),"$40,000 to $49,999",Yes,Male,,No,Its Good
100,123,1,1,4,"1,4,3",,6,5,6,4,6,200,250,7,4,2,1,5,6,5,1,3,4,4,4,4,3,5,5,9,9,1,2,,36,2,,United States,MI,Swartz Creek,Logo=Philips,Celebrity=None,683577198,TRUE,42.9467926,-83.81700134,anonymous,EN,"Yes, I do.",5-6 days a week,"Italian,Mexican,American",,Philips,Yes,3 days,I prefer Dwayne,Bachelor's degree in college (4-year),"$80,000 to $89,999",Yes,Female,,No,
100,158,1,1,2,3,,5,3,6,6,6,2500,2350,7,6,2,2,6,6,,1,4,3,5,2,5,2,3,5,10,3,2,1,,25,2,None,United States,VA,Ashburn,Logo=Philips,Celebrity=Dwayne,198284568,TRUE,39.01800537,-77.53900146,anonymous,EN,"Yes, I do.",1-2 days a week,American,,Philips,No,,I prefer Dwayne,Bachelor's degree in college (4-year),"$90,000 to $99,999",No,Male,,No,None
100,125,1,1,5,3,,5,1,4,5,5,150,75,5,4,2,2,3,6,,4,3,5,5,3,3,2,3,2,3,1,2,1,,32,2,No.,United States,CA,San Clemente,Logo=Philips,Celebrity=None,669950090,TRUE,33.43389893,-117.6221008,anonymous,EN,"Yes, I do.",7 days a week,American,,Philips,No,,I prefer Gordon,High school graduate (high school diploma or equivalent including GED),"$20,000 to $29,999",No,Male,,No,No.
100,197,1,1,3,3,,9,6,7,7,6,40,35,5,6,2,1,5,4,5,1,4,5,3,4,5,5,4,5,4,4,1,1,,40,2,GOOD,United States,NY,Westbury,Logo=Philips,Celebrity=Dwayne,736942306,TRUE,40.75880432,-73.56610107,anonymous,EN,"Yes, I do.",3-4 days a week,American,,Philips,Yes,3 days,I prefer Dwayne,Bachelor's degree in college (4-year),"$30,000 to $39,999",Yes,Male,,No,GOOD
100,899,1,1,2,3,,7,7,7,7,7,350,300,7,4,2,1,6,6,9,4,5,3,5,5,5,5,5,4,12,5,1,1,,45,2,Great and interesting survey.,United States,VA,Alexandria,Logo=Philips,Celebrity=Dwayne,131298039,TRUE,38.83050537,-77.10140228,anonymous,EN,"Yes, I do.",1-2 days a week,American,,Philips,Yes,1 day,I prefer Gordon,Associate degree in college (2-year),"$150,000 or more",Yes,Male,,No,Great and interesting survey.
100,180,1,1,3,"1,2,3",,8,6,5,6,7,250,200,7,5,2,2,6,5,,1,4,5,4,4,5,5,4,5,5,4,2,1,,27,2,,United States,GA,Canton,Logo=None,Celebrity=Dwayne,463921211,TRUE,34.24969482,-84.48940277,anonymous,EN,"Yes, I do.",3-4 days a week,"Italian,Asian,American",,Philips,No,,I prefer Dwayne,Bachelor's degree in college (4-year),"$40,000 to $49,999",No,Male,,No,
100,514,1,1,3,3,,9,6,5,5,6,35.56,30.06,5,6,2,1,5,4,5,1,4,3,4,3,4,3,4,5,3,4,1,1,,52,2,I LIKE THIS SURVEY,United States,TX,Dallas,Logo=None,Celebrity=Dwayne,525198314,TRUE,32.77670288,-96.80500031,anonymous,EN,"Yes, I do.",3-4 days a week,American,,Philips,Yes,3 days,I prefer Dwayne,Bachelor's degree in college (4-year),"$20,000 to $29,999",Yes,Male,,No,I LIKE THIS SURVEY
100,195,1,1,5,4,,6,5,4,6,5,120,120,6,3,2,2,4,5,,1,2,3,5,5,4,1,4,5,8,1,2,1,,38,2,,United States,CO,Denver,Logo=None,Celebrity=Dwayne,481984909,TRUE,39.67959595,-104.9626007,anonymous,EN,"Yes, I do.",7 days a week,Mexican,,Philips,No,,I prefer Dwayne,Bachelor's degree in college (4-year),"$70,000 to $79,999",No,Male,,No,
100,441,1,1,2,3,,8,5,5,6,5,30.85,28.9,6,5,2,1,5,4,5,1,4,3,5,4,5,4,4,5,3,4,1,1,,53,2,THIS IS GOOD SURVEY,United States,TX,Dallas,Logo=None,Celebrity=None,530429732,TRUE,32.77670288,-96.80500031,anonymous,EN,"Yes, I do.",1-2 days a week,American,,Philips,Yes,3 days,I prefer Dwayne,Bachelor's degree in college (4-year),"$20,000 to $29,999",Yes,Male,,No,THIS IS GOOD SURVEY
100,639,1,1,2,3,,6,4,5,4,5,10,20,3,4,2,2,3,4,,1,2,3,4,3,2,3,4,5,8,4,2,2,,24,2,,United States,UT,Riverton,Logo=Philips,Celebrity=None,143015999,TRUE,40.49530029,-111.9439011,anonymous,EN,"Yes, I do.",1-2 days a week,American,,Philips,No,,I prefer Dwayne,Bachelor's degree in college (4-year),"$70,000 to $79,999",No,Female,,No,
100,196,1,2,,,,,6,6,6,5,20,15,7,4,2,2,6,5,,1,5,3,4,4,4,4,4,6,10,5,2,1,,22,2,No.,United States,NY,New York,Logo=Philips,Celebrity=Dwayne,427670473,TRUE,40.75970459,-73.98100281,anonymous,EN,"No, I don't. Someone else cooks.",,,,Philips,No,,I prefer Dwayne,Master's degree,"$90,000 to $99,999",No,Male,,No,No.
100,100,1,1,3,,,7,6,4,6,4,150.33,120.33,6,4,2,2,5,4,,1,4,2,3,4,2,2,3,4,3,4,2,2,,33,2,,United States,OR,Portland,Logo=None,Celebrity=Dwayne,396300366,TRUE,45.54110718,-122.5605011,anonymous,EN,"Yes, I do.",3-4 days a week,,,Philips,No,,I prefer Dwayne,Associate degree in college (2-year),"$20,000 to $29,999",No,Female,,No,
100,273,1,1,3,3,,8,6,7,6,7,700,900,7,6,2,1,5,6,4,1,4,5,5,4,3,4,4,5,4,3,1,1,,29,2,no,United States,,,Logo=Philips,Celebrity=Dwayne,480531153,TRUE,37.75100708,-97.8219986,anonymous,EN,"Yes, I do.",3-4 days a week,American,,Philips,Yes,2 days,I prefer Dwayne,Bachelor's degree in college (4-year),"$30,000 to $39,999",Yes,Male,,No,no
100,612,1,1,2,3,,6,4,6,5,5,3.2,2.5,7,5,2,2,4,5,,1,4,5,3,4,5,4,4,5,4,,1,2,,43,2,ITS GOOD,United States,TX,Dallas,Logo=Philips,Celebrity=None,448819008,TRUE,32.77670288,-96.80500031,anonymous,EN,"Yes, I do.",1-2 days a week,American,,Philips,No,,I prefer Dwayne,Bachelor's degree in college (4-year),"$30,000 to $39,999",Yes,Female,,No,ITS GOOD
100,171,1,1,3,3,,8,6,7,7,6,300,300,5,7,2,2,5,6,,1,4,5,5,4,5,4,5,5,5,3,2,2,,30,2,no comments,United States,CA,Antioch,Logo=None,Celebrity=None,805261877,TRUE,37.98950195,-121.8022995,anonymous,EN,"Yes, I do.",3-4 days a week,American,,Philips,No,,I prefer Dwayne,Bachelor's degree in college (4-year),"$40,000 to $49,999",No,Female,,No,no comments
100,1113,1,1,2,3,,7,6,6,6,6,400,400,7,6,2,1,5,6,4,1,4,4,5,4,4,5,4,5,3,,2,1,,25,2,HAPPY TO PART OF THIS.,United States,RI,Cranston,Logo=Philips,Celebrity=None,440785392,TRUE,41.77609253,-71.44519806,anonymous,EN,"Yes, I do.",1-2 days a week,American,,Philips,Yes,2 days,I prefer Dwayne,Bachelor's degree in college (4-year),"$20,000 to $29,999",No,Male,,No,HAPPY TO PART OF THIS.
100,107,1,1,3,"1,3,5",Brazilian,7,7,7,6,7,90,90,7,6,4,2,6,6,,4,4,5,5,4,5,2,3,3,3,2,2,2,,29,2,,United States,NJ,Newark,Logo=None,Celebrity=None,396707512,TRUE,40.76409912,-74.16539764,anonymous,EN,"Yes, I do.",3-4 days a week,"Italian,American,Other: Please Specify",Brazilian,There was no brand mentioned,No,,I prefer Gordon,Some college but no degree,"$20,000 to $29,999",No,Female,,No,
100,248,1,1,5,"1,4,2,3",,8,4,4,5,4,150,150,6,4,2,1,6,6,4,1,4,5,2,4,5,4,4,5,6,1,2,1,,31,2,,United States,OH,Columbus,Logo=Philips,Celebrity=Dwayne,472538687,TRUE,40.08180237,-82.96649933,anonymous,EN,"Yes, I do.",7 days a week,"Italian,Mexican,Asian,American",,Philips,Yes,2 days,I prefer Dwayne,Bachelor's degree in college (4-year),"$50,000 to $59,999",No,Male,,No,
100,148,1,1,4,3,,7,5,5,5,5,99.99,150,6,5,2,2,5,5,,4,4,2,4,4,4,2,1,5,1,1,2,1,,45,2,thank you,United States,CA,Rancho Mirage,Logo=Philips,Celebrity=Dwayne,511422706,TRUE,33.76319885,-116.4228973,anonymous,EN,"Yes, I do.",5-6 days a week,American,,Philips,No,,I prefer Gordon,Bachelor's degree in college (4-year),"Less than $10,000",No,Male,,No,thank you
100,99,1,1,4,4,,6,6,5,6,6,4,15,5,5,2,1,5,5,4,1,4,4,4,4,5,5,5,5,5,4,1,2,,46,2,NO,United States,FL,Miami,Logo=None,Celebrity=Dwayne,436777334,TRUE,25.78460693,-80.23300171,anonymous,EN,"Yes, I do.",5-6 days a week,Mexican,,Philips,Yes,2 days,I prefer Dwayne,Bachelor's degree in college (4-year),"$40,000 to $49,999",Yes,Female,,No,NO
100,289,1,1,3,3,,7,6,6,6,6,9.5,8,6,5,2,1,5,4,6,1,5,4,4,4,3,4,4,5,4,4,1,2,,45,2,GOOD,United States,CA,Santa Clara,Logo=Philips,Celebrity=None,119556715,TRUE,37.39309692,-121.9620056,anonymous,EN,"Yes, I do.",3-4 days a week,American,,Philips,Yes,4 or more days,I prefer Dwayne,Bachelor's degree in college (4-year),"$30,000 to $39,999",Yes,Female,,No,GOOD
100,1404,1,1,2,"1,4,3",,8,5,3,6,6,5,10,6,6,3,1,5,5,4,1,4,4,4,4,4,4,4,5,5,4,1,2,,47,2,NO,United States,PA,Philadelphia,Logo=None,Celebrity=None,799282934,TRUE,40.07640076,-75.1678009,anonymous,EN,"Yes, I do.",1-2 days a week,"Italian,Mexican,American",,KitchenAid,Yes,2 days,I prefer Dwayne,Bachelor's degree in college (4-year),"$40,000 to $49,999",Yes,Female,,No,NO
100,95,1,1,5,"1,4,2,3",,5,4,4,1,1,5.56,3.3,1,1,5,1,3,3,5,1,1,1,1,1,1,1,1,5,6,1,2,1,,33,2,no,United States,TX,Plano,Logo=Philips,Celebrity=Dwayne,608187719,TRUE,33.0809021,-96.72409821,anonymous,EN,"Yes, I do.",7 days a week,"Italian,Mexican,Asian,American",,I don't remember,Yes,3 days,I prefer Dwayne,Bachelor's degree in college (4-year),"$50,000 to $59,999",No,Male,,No,no
100,190,1,1,3,3,,7,6,5,5,6,15,12.5,6,5,2,1,5,5,4,1,4,5,4,5,4,5,4,5,4,4,1,2,,37,2,GOOD,United States,FL,Miami,Logo=Philips,Celebrity=Dwayne,241800005,TRUE,25.81190491,-80.23179626,anonymous,EN,"Yes, I do.",3-4 days a week,American,,Philips,Yes,2 days,I prefer Dwayne,Bachelor's degree in college (4-year),"$30,000 to $39,999",Yes,Female,,No,GOOD
100,207,1,1,4,3,,7,5,5,5,5,100,100,5,4,2,1,5,5,9,4,4,4,4,4,4,1,4,8,12,5,1,1,,41,2,"I loved the rose gold on the fryer, it looked very stylish!  Interesting survey!  Good luck on your research.",United States,CA,Covina,Logo=Philips,Celebrity=None,351025624,TRUE,34.0973053,-117.9069977,anonymous,EN,"Yes, I do.",5-6 days a week,American,,Philips,Yes,1 day,I prefer Gordon,"Professional degree (JD, MD)","$150,000 or more",Yes,Male,,No,"I loved the rose gold on the fryer, it looked very stylish!  Interesting survey!  Good luck on your research."
100,194,1,1,4,"1,4,3",,9,3,6,6,6,60,80,4,6,2,1,5,5,4,4,3,3,4,4,2,1,5,3,4,4,1,1,,37,2,,United States,,,Logo=None,Celebrity=None,312563324,TRUE,37.75100708,-97.8219986,anonymous,EN,"Yes, I do.",5-6 days a week,"Italian,Mexican,American",,Philips,Yes,2 days,I prefer Gordon,Some college but no degree,"$30,000 to $39,999",Yes,Male,,No,
100,284,1,1,4,"4,3",,7,5,6,5,6,150,150,6,4,2,1,5,5,4,4,4,4,5,4,2,2,4,3,4,3,2,1,,33,2,Great survey,United States,,,Logo=None,Celebrity=None,372623381,TRUE,37.75100708,-97.8219986,anonymous,EN,"Yes, I do.",5-6 days a week,"Mexican,American",,Philips,Yes,2 days,I prefer Gordon,Some college but no degree,"$30,000 to $39,999",No,Male,,No,Great survey
100,179,1,1,5,3,,8,6,6,6,6,20,80,6,7,2,1,5,5,4,1,4,4,4,4,4,4,4,5,11,5,1,1,,46,2,VERY NICE,United States,CA,Los Angeles,Logo=Philips,Celebrity=None,552867907,TRUE,34.05439758,-118.2440033,anonymous,EN,"Yes, I do.",7 days a week,American,,Philips,Yes,2 days,I prefer Dwayne,Bachelor's degree in college (4-year),"$100,000 to $149,999",Yes,Male,,No,VERY NICE
100,246,1,1,5,3,,6,4,5,3,5,70,40,5,1,2,2,4,4,,4,3,5,4,3,4,2,3,4,2,2,2,2,,33,2,Gordon Ramsey is a chef that is why he seems like a better mascot choice for a food cooker product.,United States,CT,New London,Logo=Philips,Celebrity=Dwayne,346005242,TRUE,41.34950256,-72.10299683,anonymous,EN,"Yes, I do.",7 days a week,American,,Philips,No,,I prefer Gordon,Associate degree in college (2-year),"$10,000 to $19,999",No,Female,,No,Gordon Ramsey is a chef that is why he seems like a better mascot choice for a food cooker product.
100,135,1,1,4,3,,7,6,7,5,7,60,70,6,7,2,2,5,6,,1,4,5,3,4,5,4,5,5,5,2,1,2,,47,2,GOOD,United States,TX,Dallas,Logo=Philips,Celebrity=Dwayne,923712585,TRUE,32.77670288,-96.80500031,anonymous,EN,"Yes, I do.",5-6 days a week,American,,Philips,No,,I prefer Dwayne,Bachelor's degree in college (4-year),"$40,000 to $49,999",Yes,Female,,No,GOOD
100,100,1,1,4,"1,3",,8,5,7,3,6,200,120,5,3,2,1,5,6,6,1,1,4,3,4,5,4,3,4,1,1,2,1,,35,2,,United States,OH,New Philadelphia,Logo=None,Celebrity=None,535535685,TRUE,40.4835968,-81.43869781,anonymous,EN,"Yes, I do.",5-6 days a week,"Italian,American",,Philips,Yes,4 or more days,I prefer Dwayne,Associate degree in college (2-year),"Less than $10,000",No,Male,,No,
100,207,1,1,3,3,,8,6,7,5,7,50,60,7,6,2,1,5,6,5,1,4,5,4,5,4,5,4,5,5,2,1,1,,56,2,GOOD ,United States,TX,Dallas,Logo=None,Celebrity=None,157285816,TRUE,32.77670288,-96.80500031,anonymous,EN,"Yes, I do.",3-4 days a week,American,,Philips,Yes,3 days,I prefer Dwayne,Bachelor's degree in college (4-year),"$40,000 to $49,999",Yes,Male,,No,GOOD 
100,250,1,1,2,1,,7,5,6,4,5,130,100,5,4,2,2,4,5,,1,3,4,3,2,3,4,3,2,5,4,1,1,,33,2,I LIKE THIS SURVEY,United States,NJ,Pennsauken,Logo=Philips,Celebrity=None,416092376,TRUE,39.9703064,-75.06169891,anonymous,EN,"Yes, I do.",1-2 days a week,Italian,,Philips,No,,I prefer Dwayne,High school graduate (high school diploma or equivalent including GED),"$40,000 to $49,999",Yes,Male,,No,I LIKE THIS SURVEY
100,190,1,1,3,,,9,5,6,5,6,50,60,7,4,2,1,5,4,4,1,4,3,4,4,3,4,4,5,6,3,2,1,,25,2,Interesting survey,United States,NJ,Pennsauken,Logo=None,Celebrity=Dwayne,110639806,TRUE,39.9703064,-75.06169891,anonymous,EN,"Yes, I do.",3-4 days a week,,,Philips,Yes,2 days,I prefer Dwayne,Bachelor's degree in college (4-year),"$50,000 to $59,999",No,Male,,No,Interesting survey
100,483,1,1,3,3,,7,5,5,5,5,300,250,5,2,2,1,6,5,5,1,5,3,4,5,4,4,5,5,5,4,1,1,,54,2,,United States,VA,Ashburn,Logo=Philips,Celebrity=Dwayne,105230945,TRUE,39.01800537,-77.53900146,anonymous,EN,"Yes, I do.",3-4 days a week,American,,Philips,Yes,3 days,I prefer Dwayne,Bachelor's degree in college (4-year),"$40,000 to $49,999",Yes,Male,,No,
100,255,1,1,3,3,,7,5,6,5,6,15,12.5,6,7,2,1,5,6,4,1,4,5,4,5,4,5,4,5,4,4,1,1,,36,2,GOOD,United States,FL,Miami,Logo=Philips,Celebrity=None,843095371,TRUE,25.81190491,-80.23179626,anonymous,EN,"Yes, I do.",3-4 days a week,American,,Philips,Yes,2 days,I prefer Dwayne,Bachelor's degree in college (4-year),"$30,000 to $39,999",Yes,Male,,No,GOOD
100,158,1,1,4,3,,5,3,5,5,5,70,75,4,5,2,1,5,5,6,4,4,3,4,2,3,2,2,2,4,1,2,1,,30,2,,United States,NY,Fort Plain,Logo=Philips,Celebrity=Dwayne,415219297,TRUE,42.93850708,-74.65390015,anonymous,EN,"Yes, I do.",5-6 days a week,American,,Philips,Yes,4 or more days,I prefer Gordon,High school graduate (high school diploma or equivalent including GED),"$30,000 to $39,999",No,Male,,No,
100,367,1,1,3,3,,9,7,7,7,7,150,125,7,5,2,1,6,6,4,4,5,5,5,5,5,3,5,4,8,1,2,1,,42,2,,United States,IL,Chicago,Logo=Philips,Celebrity=None,145893589,TRUE,41.98980713,-87.76229858,anonymous,EN,"Yes, I do.",3-4 days a week,American,,Philips,Yes,2 days,I prefer Gordon,Associate degree in college (2-year),"$70,000 to $79,999",No,Male,,No,
100,621,1,1,3,3,,5,7,6,7,7,55.5,60,7,6,2,2,5,5,,1,5,3,5,5,5,5,5,5,9,5,1,1,,35,2,none,United States,,,Logo=Philips,Celebrity=None,773675574,TRUE,37.75100708,-97.8219986,anonymous,EN,"Yes, I do.",3-4 days a week,American,,Philips,No,,I prefer Dwayne,Bachelor's degree in college (4-year),"$80,000 to $89,999",Yes,Male,,No,none
100,188,1,1,4,3,,7,5,4,5,5,20,25,5,5,2,2,4,5,,1,4,3,4,3,4,3,4,5,4,4,1,2,,45,2,Nice Study,United States,VA,Ashburn,Logo=None,Celebrity=Dwayne,581658442,TRUE,39.01800537,-77.53900146,anonymous,EN,"Yes, I do.",5-6 days a week,American,,Philips,No,,I prefer Dwayne,Bachelor's degree in college (4-year),"$30,000 to $39,999",Yes,Female,,No,Nice Study
100,377,1,1,2,3,,6,4,3,4,4,5,5,4,4,5,2,3,3,,1,3,3,2,2,3,3,3,4,4,3,2,2,,33,2,,United States,NY,Troy,Logo=None,Celebrity=Dwayne,382771217,TRUE,42.72729492,-73.66960144,anonymous,EN,"Yes, I do.",1-2 days a week,American,,I don't remember,No,,I prefer Dwayne,Associate degree in college (2-year),"$30,000 to $39,999",No,Female,,No,
100,194,1,1,3,3,,8,5,4,6,6,89,75,6,5,2,1,5,5,9,4,4,4,4,4,4,4,2,6,8,1,2,2,,33,2,,United States,MS,Ridgeland,Logo=None,Celebrity=None,213700758,TRUE,32.41430664,-90.11849976,anonymous,EN,"Yes, I do.",3-4 days a week,American,,Philips,Yes,1 day,I prefer Gordon,Master's degree,"$70,000 to $79,999",No,Female,,No,
100,378,1,1,2,3,,6,6,6,6,7,600,550,5,5,4,1,5,5,4,1,3,4,4,4,4,5,5,5,6,4,1,1,,50,2,good survey ,United States,IA,West Burlington,Logo=Philips,Celebrity=None,899908903,TRUE,40.83129883,-91.18520355,anonymous,EN,"Yes, I do.",1-2 days a week,American,,There was no brand mentioned,Yes,2 days,I prefer Dwayne,Bachelor's degree in college (4-year),"$50,000 to $59,999",Yes,Male,,No,good survey 
100,163,1,1,3,"1,4,2,3",,7,6,6,6,6,150,90,6,4,2,1,6,6,4,4,5,5,5,5,5,4,4,5,11,2,2,2,,38,2,,United States,GA,Austell,Logo=None,Celebrity=None,475781270,TRUE,33.78149414,-84.59760284,anonymous,EN,"Yes, I do.",3-4 days a week,"Italian,Mexican,Asian,American",,Philips,Yes,2 days,I prefer Gordon,Bachelor's degree in college (4-year),"$100,000 to $149,999",No,Female,,No,
100,217,1,1,3,3,,8,5,6,5,5,90,80,6,6,2,1,5,5,9,4,4,4,5,4,4,4,5,5,5,4,1,2,,34,2,I LIKE PARTICIPANRT.,United States,MO,City of Saint Peters,Logo=Philips,Celebrity=Dwayne,504256756,TRUE,38.78300476,-90.63510132,anonymous,EN,"Yes, I do.",3-4 days a week,American,,Philips,Yes,1 day,I prefer Gordon,Bachelor's degree in college (4-year),"$40,000 to $49,999",Yes,Female,,No,I LIKE PARTICIPANRT.
100,207,1,1,2,3,,9,6,5,6,5,130,120,6,5,2,2,5,4,,1,3,4,5,4,3,4,5,5,5,4,1,2,,38,2,Very good survey.,United States,CA,Los Angeles,Logo=Philips,Celebrity=Dwayne,662598799,TRUE,34.05439758,-118.2440033,anonymous,EN,"Yes, I do.",1-2 days a week,American,,Philips,No,,I prefer Dwayne,Bachelor's degree in college (4-year),"$40,000 to $49,999",Yes,Female,,No,Very good survey.
100,250,1,1,3,3,,6,7,7,7,7,250,500,7,4,2,1,6,6,6,1,5,1,5,3,3,5,1,5,12,3,1,1,,40,2,it was interesting.,United States,NY,New York,Logo=None,Celebrity=Dwayne,194765445,TRUE,40.71569824,-74,anonymous,EN,"Yes, I do.",3-4 days a week,American,,Philips,Yes,4 or more days,I prefer Dwayne,Bachelor's degree in college (4-year),"$150,000 or more",Yes,Male,,No,it was interesting.
100,123,1,1,4,"1,4,2,3",,7,4,5,3,5,79.99,59.99,6,4,2,1,5,5,5,4,4,4,3,3,5,4,2,5,8,1,2,1,,28,2,,United States,TX,Plano,Logo=Philips,Celebrity=None,952875081,TRUE,33.0809021,-96.72409821,anonymous,EN,"Yes, I do.",5-6 days a week,"Italian,Mexican,Asian,American",,Philips,Yes,3 days,I prefer Gordon,Bachelor's degree in college (4-year),"$70,000 to $79,999",No,Male,,No,
100,149,1,1,4,"4,2,3",,9,5,6,5,6,120.99,120,6,5,2,1,5,5,4,1,5,5,5,5,5,5,5,5,10,5,1,2,,28,2,no,United States,CA,Valley Village,Logo=Philips,Celebrity=Dwayne,836593023,TRUE,34.16760254,-118.3891983,anonymous,EN,"Yes, I do.",5-6 days a week,"Mexican,Asian,American",,Philips,Yes,2 days,I prefer Dwayne,Bachelor's degree in college (4-year),"$90,000 to $99,999",Yes,Female,,No,no
100,206,1,1,4,"1,4,2,3",,4,7,7,4,5,75,75,7,4,2,1,6,6,6,4,4,5,5,1,5,2,1,3,11,5,1,2,,36,2,,United States,IL,Joliet,Logo=None,Celebrity=None,536068851,TRUE,41.54119873,-88.05460358,anonymous,EN,"Yes, I do.",5-6 days a week,"Italian,Mexican,Asian,American",,Philips,Yes,4 or more days,I prefer Gordon,Some college but no degree,"$100,000 to $149,999",Yes,Female,,No,
100,123,1,1,4,"4,3",,6,6,6,6,7,45,60,6,2,2,2,5,5,,4,4,4,5,4,3,2,3,5,10,4,2,1,,39,2,,United States,GA,Cumming,Logo=None,Celebrity=Dwayne,102688005,TRUE,34.20370483,-84.10310364,anonymous,EN,"Yes, I do.",5-6 days a week,"Mexican,American",,Philips,No,,I prefer Gordon,Bachelor's degree in college (4-year),"$90,000 to $99,999",No,Male,,No,
100,552,1,1,5,"1,4,2,3",,7,7,7,7,6,120,150,7,4,2,1,6,6,6,4,4,4,5,3,3,2,3,5,6,2,2,2,,28,2,,United States,CO,Denver,Logo=None,Celebrity=None,115915743,TRUE,39.70669556,-104.9693985,anonymous,EN,"Yes, I do.",7 days a week,"Italian,Mexican,Asian,American",,Philips,Yes,4 or more days,I prefer Gordon,Bachelor's degree in college (4-year),"$50,000 to $59,999",No,Female,,No,
100,99,1,1,2,2,,6,6,4,5,6,69.95,85,6,4,2,2,3,4,,1,4,4,5,4,4,2,2,5,9,2,2,1,,26,2,,United States,RI,Pawtucket,Logo=None,Celebrity=Dwayne,601974577,TRUE,41.88600159,-71.34570313,anonymous,EN,"Yes, I do.",1-2 days a week,Asian,,Philips,No,,I prefer Dwayne,Bachelor's degree in college (4-year),"$80,000 to $89,999",No,Male,,No,
100,341,1,1,5,3,,6,2,4,4,6,90,112,7,4,2,2,6,6,,4,4,5,3,2,5,4,5,5,2,1,2,2,,29,2,,United States,MI,White Lake,Logo=Philips,Celebrity=Dwayne,106776717,TRUE,42.65809631,-83.53630066,anonymous,EN,"Yes, I do.",7 days a week,American,,Philips,No,,I prefer Gordon,Bachelor's degree in college (4-year),"$10,000 to $19,999",No,Female,,No,
100,215,1,1,2,3,,7,5,6,5,6,80,70,5,6,2,1,5,5,4,4,4,4,4,4,5,5,4,5,5,4,1,2,,42,2,I LIKE THIS SURWAY.,United States,WA,Oak Harbor,Logo=Philips,Celebrity=None,594888602,TRUE,48.31080627,-122.6322021,anonymous,EN,"Yes, I do.",1-2 days a week,American,,Philips,Yes,2 days,I prefer Gordon,Bachelor's degree in college (4-year),"$40,000 to $49,999",Yes,Female,,No,I LIKE THIS SURWAY.
100,671,1,1,5,3,,7,6,5,5,5,7.55,5.88,6,5,2,1,5,4,5,1,4,5,4,3,4,4,3,5,3,3,1,1,,30,2,NONE,United States,CA,Los Angeles,Logo=Philips,Celebrity=None,827673353,TRUE,34.05439758,-118.2440948,anonymous,EN,"Yes, I do.",7 days a week,American,,Philips,Yes,3 days,I prefer Dwayne,Bachelor's degree in college (4-year),"$20,000 to $29,999",Yes,Male,,No,NONE
100,577,1,1,3,3,,5,7,7,5,6,500,450,7,7,2,2,5,5,,1,5,5,1,5,2,1,3,5,10,3,2,1,,25,2,None,United States,VA,Ashburn,Logo=Philips,Celebrity=None,867059746,TRUE,39.01800537,-77.53900146,anonymous,EN,"Yes, I do.",3-4 days a week,American,,Philips,No,,I prefer Dwayne,Bachelor's degree in college (4-year),"$90,000 to $99,999",No,Male,,No,None
100,219,1,1,3,3,,6,2,5,5,5,75,55,6,4,2,2,6,6,,4,4,5,5,3,4,1,2,1,1,2,2,2,,39,2,None.,United States,SC,Sumter,Logo=None,Celebrity=None,321702296,TRUE,33.88200378,-80.40399933,anonymous,EN,"Yes, I do.",3-4 days a week,American,,Philips,No,,I prefer Gordon,Less than high school degree,"Less than $10,000",No,Female,,No,None.
100,160,1,1,5,"1,2,3",,8,6,6,6,6,90,90,5,6,2,2,5,5,,4,4,4,4,4,4,4,4,5,11,2,2,2,,60,2,,United States,CA,Sunnyvale,Logo=None,Celebrity=None,322256768,TRUE,37.37730408,-122.0194016,anonymous,EN,"Yes, I do.",7 days a week,"Italian,Asian,American",,Philips,No,,I prefer Gordon,Bachelor's degree in college (4-year),"$100,000 to $149,999",No,Female,,No,
100,145,1,1,5,1,,5,1,4,4,4,45,15,5,4,2,2,3,3,,4,3,4,5,5,5,4,5,4,2,1,2,1,,36,2,no comments,United States,PA,Scranton,Logo=Philips,Celebrity=Dwayne,982232791,TRUE,41.438797,-75.61250305,anonymous,EN,"Yes, I do.",7 days a week,Italian,,Philips,No,,I prefer Gordon,Associate degree in college (2-year),"$10,000 to $19,999",No,Male,,No,no comments
100,154,1,3,,,,,1,4,6,5,100,50,6,1,2,2,4,2,,4,1,4,4,5,5,1,5,6,7,1,2,2,,35,2,,United States,NY,Brooklyn,Logo=None,Celebrity=None,275045107,TRUE,40.66430664,-73.9763031,anonymous,EN,"No, I don't and no one else in my house cooks.",,,,Philips,No,,I prefer Gordon,Master's degree,"$60,000 to $69,999",No,Female,,No,
100,151,1,1,3,3,,8,6,5,5,6,5.5,5.5,4,5,2,1,4,5,4,1,3,4,3,3,4,4,5,5,5,3,1,1,,42,2,good,United States,NY,Brooklyn,Logo=None,Celebrity=Dwayne,187870257,TRUE,40.59779358,-74.00009918,anonymous,EN,"Yes, I do.",3-4 days a week,American,,Philips,Yes,2 days,I prefer Dwayne,Bachelor's degree in college (4-year),"$40,000 to $49,999",Yes,Male,,No,good
100,235,1,1,5,"1,4,2,3",,8,7,6,5,6,150,150,5,6,2,2,5,5,,1,4,5,5,1,4,5,3,4,4,4,2,2,,60,2,,United States,FL,Boca Raton,Logo=Philips,Celebrity=None,267284771,TRUE,26.34770203,-80.10939789,anonymous,EN,"Yes, I do.",7 days a week,"Italian,Mexican,Asian,American",,Philips,No,,I prefer Dwayne,Associate degree in college (2-year),"$30,000 to $39,999",No,Female,,No,
100,125,1,1,4,"1,4,2,3",,8,5,6,4,5,120,100,5,3,2,1,6,6,5,4,2,4,5,3,4,4,1,2,7,2,2,2,,27,2,,United States,NV,Las Vegas,Logo=None,Celebrity=None,307905783,TRUE,36.32650757,-115.339798,anonymous,EN,"Yes, I do.",5-6 days a week,"Italian,Mexican,Asian,American",,Philips,Yes,3 days,I prefer Gordon,High school graduate (high school diploma or equivalent including GED),"$60,000 to $69,999",No,Female,,No,
100,649,1,1,2,"1,2",,8,5,6,4,6,2000,1500,6,7,2,1,4,5,9,1,3,4,5,3,4,5,4,5,4,5,2,2,,28,2,great,United States,NM,Albuquerque,Logo=Philips,Celebrity=Dwayne,759396595,TRUE,35.07060242,-106.5065994,anonymous,EN,"Yes, I do.",1-2 days a week,"Italian,Asian",,Philips,Yes,1 day,I prefer Dwayne,Bachelor's degree in college (4-year),"$30,000 to $39,999",No,Female,,No,great
100,164,1,1,2,3,,6,7,6,7,5,3,2,7,6,3,1,5,6,9,1,4,3,4,5,4,3,4,5,4,4,1,1,,30,2,GOOD,United States,AL,Gadsden,Logo=None,Celebrity=Dwayne,776113944,TRUE,33.98449707,-85.90769958,anonymous,EN,"Yes, I do.",1-2 days a week,American,,KitchenAid,Yes,1 day,I prefer Dwayne,Bachelor's degree in college (4-year),"$30,000 to $39,999",Yes,Male,,No,GOOD
100,349,1,1,3,"1,2,3",,8,2,4,4,4,55,40,4,5,2,1,4,4,4,4,4,4,4,2,2,2,4,5,6,4,1,2,,37,2,n/a,United States,OH,Elyria,Logo=Philips,Celebrity=Dwayne,210128731,TRUE,41.37219238,-82.10870361,anonymous,EN,"Yes, I do.",3-4 days a week,"Italian,Asian,American",,Philips,Yes,2 days,I prefer Gordon,Bachelor's degree in college (4-year),"$50,000 to $59,999",Yes,Female,,No,n/a
100,415,1,1,3,"1,4,2,3",,7,7,7,5,6,75,100,7,4,4,1,5,5,4,4,5,3,4,5,4,3,5,5,9,3,1,1,,43,2,,United States,SC,Easley,Logo=Philips,Celebrity=Dwayne,646052507,TRUE,34.79269409,-82.58390045,anonymous,EN,"Yes, I do.",3-4 days a week,"Italian,Mexican,Asian,American",,There was no brand mentioned,Yes,2 days,I prefer Gordon,Bachelor's degree in college (4-year),"$80,000 to $89,999",Yes,Male,,No,
100,175,1,1,2,"1,4,2,3",,6,5,6,4,5,65,45,4,6,2,1,6,6,4,4,3,4,5,5,4,1,4,3,10,5,1,1,,30,2,,United States,TX,McKinney,Logo=Philips,Celebrity=None,717489723,TRUE,33.19090271,-96.61979675,anonymous,EN,"Yes, I do.",1-2 days a week,"Italian,Mexican,Asian,American",,Philips,Yes,2 days,I prefer Gordon,Some college but no degree,"$90,000 to $99,999",Yes,Male,,No,
100,122,1,1,4,3,,8,6,6,5,5,100,95,7,5,2,1,4,5,5,1,4,4,4,4,4,4,4,5,5,3,1,2,,51,2,,United States,,,Logo=None,Celebrity=None,792573489,TRUE,37.75100708,-97.8219986,anonymous,EN,"Yes, I do.",5-6 days a week,American,,Philips,Yes,3 days,I prefer Dwayne,Bachelor's degree in college (4-year),"$40,000 to $49,999",Yes,Female,,No,
100,218,1,1,5,"1,4,3",,8,7,7,5,6,150,120,6,1,2,1,6,6,6,4,5,3,5,3,4,1,4,5,10,4,1,1,,47,2,Thank you!,United States,CA,Aliso Viejo,Logo=Philips,Celebrity=Dwayne,316463235,TRUE,33.56790161,-117.7046051,anonymous,EN,"Yes, I do.",7 days a week,"Italian,Mexican,American",,Philips,Yes,4 or more days,I prefer Gordon,Bachelor's degree in college (4-year),"$90,000 to $99,999",Yes,Male,,No,Thank you!
100,202,1,1,4,3,,5,6,6,6,6,50,50,6,6,2,1,5,5,5,1,5,4,3,4,5,4,5,5,2,4,1,1,,36,2,GOOD,United States,FL,Miami,Logo=Philips,Celebrity=None,604991604,TRUE,25.81190491,-80.23179626,anonymous,EN,"Yes, I do.",5-6 days a week,American,,Philips,Yes,3 days,I prefer Dwayne,Bachelor's degree in college (4-year),"$10,000 to $19,999",Yes,Male,,No,GOOD